{"cameraMode":{"drawMode":0,"name":"Shaded","section":"Shading Mode"},"sceneLighting":false,"audioPlay":false,"sceneViewState":{"m_AlwaysRefresh":false,"showFog":false,"showSkybox":false,"showFlares":false,"showImageEffects":false,"showParticleSystems":false,"showVisualEffectGraphs":true,"m_FxEnabled":true},"in2DMode":false,"pivot":{"x":-0.43440011143684389,"y":0.1278483122587204,"z":-5.995759010314941},"rotation":{"x":-0.0009953174740076066,"y":0.9986435770988464,"z":-0.04828159511089325,"w":-0.020673809573054315},"size":3.787055492401123,"orthographic":false}